filename,filepath,subject,session,task,sequence_type,target,clustRegion,clustMask,X,Y,Z
006.03.rest.me.errts.targ.network.fisher.clust.ldlpfc.dilate_5.1d,/cbica/projects/nbthetaconn/pipeline/results/006/006.03.rest.me.errts.targ.network.fisher.clust.ldlpfc.dilate_5.1d,006,03,rest,me,network,ldlpfc,dilate_5,59.0,-23.0,23.0
006.04.rest.me.errts.targ.network.fisher.clust.ldlpfc.erode_1.1d,/cbica/projects/nbthetaconn/pipeline/results/006/006.04.rest.me.errts.targ.network.fisher.clust.ldlpfc.erode_1.1d,006,04,rest,me,network,ldlpfc,erode_1,47.0,-23.0,35.0
006.02.rest.me.errts.targ.network.fisher.clust.ldlpfc.orig.1d,/cbica/projects/nbthetaconn/pipeline/results/006/006.02.rest.me.errts.targ.network.fisher.clust.ldlpfc.orig.1d,006,02,rest,me,network,ldlpfc,orig,51.0,-13.0,29.0
006.04.rest.me.errts.targ.seed.fisher.clust.ldlpfc.dilate_5.1d,/cbica/projects/nbthetaconn/pipeline/results/006/006.04.rest.me.errts.targ.seed.fisher.clust.ldlpfc.dilate_5.1d,006,04,rest,me,seed,ldlpfc,dilate_5,23.0,-45.0,43.0
006.01.rest.me.errts.targ.network.fisher.clust.ldlpfc.orig.1d,/cbica/projects/nbthetaconn/pipeline/results/006/006.01.rest.me.errts.targ.network.fisher.clust.ldlpfc.orig.1d,006,01,rest,me,network,ldlpfc,orig,49.0,-15.0,29.0
006.02.rest.me.errts.targ.network.fisher.clust.ldlpfc.dilate_5.1d,/cbica/projects/nbthetaconn/pipeline/results/006/006.02.rest.me.errts.targ.network.fisher.clust.ldlpfc.dilate_5.1d,006,02,rest,me,network,ldlpfc,dilate_5,23.0,-49.0,37.0
006.03.rest.me.errts.targ.seed.fisher.clust.ldlpfc.dilate_5.1d,/cbica/projects/nbthetaconn/pipeline/results/006/006.03.rest.me.errts.targ.seed.fisher.clust.ldlpfc.dilate_5.1d,006,03,rest,me,seed,ldlpfc,dilate_5,45.0,-3.0,37.0
006.04.rest.me.errts.targ.network.fisher.clust.ldlpfc.orig.1d,/cbica/projects/nbthetaconn/pipeline/results/006/006.04.rest.me.errts.targ.network.fisher.clust.ldlpfc.orig.1d,006,04,rest,me,network,ldlpfc,orig,49.0,-15.0,29.0
006.03.rest.me.errts.targ.seed.fisher.clust.ldlpfc.orig.1d,/cbica/projects/nbthetaconn/pipeline/results/006/006.03.rest.me.errts.targ.seed.fisher.clust.ldlpfc.orig.1d,006,03,rest,me,seed,ldlpfc,orig,47.0,-19.0,29.0
006.03.rest.me.errts.targ.network.fisher.clust.ldlpfc.orig.1d,/cbica/projects/nbthetaconn/pipeline/results/006/006.03.rest.me.errts.targ.network.fisher.clust.ldlpfc.orig.1d,006,03,rest,me,network,ldlpfc,orig,51.0,-13.0,29.0
006.02.rest.me.errts.targ.seed.fisher.clust.ldlpfc.erode_1.1d,/cbica/projects/nbthetaconn/pipeline/results/006/006.02.rest.me.errts.targ.seed.fisher.clust.ldlpfc.erode_1.1d,006,02,rest,me,seed,ldlpfc,erode_1,47.0,-23.0,33.0
006.01.rest.me.errts.targ.seed.fisher.clust.ldlpfc.erode_1.1d,/cbica/projects/nbthetaconn/pipeline/results/006/006.01.rest.me.errts.targ.seed.fisher.clust.ldlpfc.erode_1.1d,006,01,rest,me,seed,ldlpfc,erode_1,43.0,-35.0,31.0
006.02.rest.me.errts.targ.seed.fisher.clust.ldlpfc.dilate_5.1d,/cbica/projects/nbthetaconn/pipeline/results/006/006.02.rest.me.errts.targ.seed.fisher.clust.ldlpfc.dilate_5.1d,006,02,rest,me,seed,ldlpfc,dilate_5,51.0,-11.0,33.0
006.01.rest.me.errts.targ.network.fisher.clust.ldlpfc.erode_1.1d,/cbica/projects/nbthetaconn/pipeline/results/006/006.01.rest.me.errts.targ.network.fisher.clust.ldlpfc.erode_1.1d,006,01,rest,me,network,ldlpfc,erode_1,41.0,-19.0,29.0
006.04.rest.me.errts.targ.network.fisher.clust.ldlpfc.dilate_5.1d,/cbica/projects/nbthetaconn/pipeline/results/006/006.04.rest.me.errts.targ.network.fisher.clust.ldlpfc.dilate_5.1d,006,04,rest,me,network,ldlpfc,dilate_5,23.0,-51.0,37.0
006.01.rest.me.errts.targ.seed.fisher.clust.ldlpfc.orig.1d,/cbica/projects/nbthetaconn/pipeline/results/006/006.01.rest.me.errts.targ.seed.fisher.clust.ldlpfc.orig.1d,006,01,rest,me,seed,ldlpfc,orig,45.0,-35.0,31.0
006.04.rest.me.errts.targ.seed.fisher.clust.ldlpfc.orig.1d,/cbica/projects/nbthetaconn/pipeline/results/006/006.04.rest.me.errts.targ.seed.fisher.clust.ldlpfc.orig.1d,006,04,rest,me,seed,ldlpfc,orig,43.0,-15.0,31.0
006.04.rest.me.errts.targ.seed.fisher.clust.ldlpfc.erode_1.1d,/cbica/projects/nbthetaconn/pipeline/results/006/006.04.rest.me.errts.targ.seed.fisher.clust.ldlpfc.erode_1.1d,006,04,rest,me,seed,ldlpfc,erode_1,43.0,-23.0,33.0
006.02.rest.me.errts.targ.seed.fisher.clust.ldlpfc.orig.1d,/cbica/projects/nbthetaconn/pipeline/results/006/006.02.rest.me.errts.targ.seed.fisher.clust.ldlpfc.orig.1d,006,02,rest,me,seed,ldlpfc,orig,51.0,-11.0,33.0
006.03.rest.me.errts.targ.seed.fisher.clust.ldlpfc.erode_1.1d,/cbica/projects/nbthetaconn/pipeline/results/006/006.03.rest.me.errts.targ.seed.fisher.clust.ldlpfc.erode_1.1d,006,03,rest,me,seed,ldlpfc,erode_1,45.0,-21.0,31.0
006.01.rest.me.errts.targ.seed.fisher.clust.ldlpfc.dilate_5.1d,/cbica/projects/nbthetaconn/pipeline/results/006/006.01.rest.me.errts.targ.seed.fisher.clust.ldlpfc.dilate_5.1d,006,01,rest,me,seed,ldlpfc,dilate_5,29.0,-45.0,43.0
006.02.rest.me.errts.targ.network.fisher.clust.ldlpfc.erode_1.1d,/cbica/projects/nbthetaconn/pipeline/results/006/006.02.rest.me.errts.targ.network.fisher.clust.ldlpfc.erode_1.1d,006,02,rest,me,network,ldlpfc,erode_1,41.0,-19.0,29.0
006.03.rest.me.errts.targ.network.fisher.clust.ldlpfc.erode_1.1d,/cbica/projects/nbthetaconn/pipeline/results/006/006.03.rest.me.errts.targ.network.fisher.clust.ldlpfc.erode_1.1d,006,03,rest,me,network,ldlpfc,erode_1,41.0,-19.0,29.0
006.01.rest.me.errts.targ.network.fisher.clust.ldlpfc.dilate_5.1d,/cbica/projects/nbthetaconn/pipeline/results/006/006.01.rest.me.errts.targ.network.fisher.clust.ldlpfc.dilate_5.1d,006,01,rest,me,network,ldlpfc,dilate_5,23.0,-41.0,47.0
007.04.rest.me.errts.targ.seed.fisher.clust.ldlpfc.dilate_5.1d,/cbica/projects/nbthetaconn/pipeline/results/007/007.04.rest.me.errts.targ.seed.fisher.clust.ldlpfc.dilate_5.1d,007,04,rest,me,seed,ldlpfc,dilate_5,39.0,-53.0,27.0
007.02.rest.me.errts.targ.seed.fisher.clust.ldlpfc.orig.1d,/cbica/projects/nbthetaconn/pipeline/results/007/007.02.rest.me.errts.targ.seed.fisher.clust.ldlpfc.orig.1d,007,02,rest,me,seed,ldlpfc,orig,49.0,-31.0,29.0
007.01.rest.me.errts.targ.seed.fisher.clust.ldlpfc.orig.1d,/cbica/projects/nbthetaconn/pipeline/results/007/007.01.rest.me.errts.targ.seed.fisher.clust.ldlpfc.orig.1d,007,01,rest,me,seed,ldlpfc,orig,43.0,-17.0,31.0
007.01.rest.me.errts.targ.network.fisher.clust.ldlpfc.erode_1.1d,/cbica/projects/nbthetaconn/pipeline/results/007/007.01.rest.me.errts.targ.network.fisher.clust.ldlpfc.erode_1.1d,007,01,rest,me,network,ldlpfc,erode_1,43.0,-27.0,37.0
007.03.rest.me.errts.targ.network.fisher.clust.ldlpfc.dilate_5.1d,/cbica/projects/nbthetaconn/pipeline/results/007/007.03.rest.me.errts.targ.network.fisher.clust.ldlpfc.dilate_5.1d,007,03,rest,me,network,ldlpfc,dilate_5,27.0,-19.0,49.0
007.04.rest.me.errts.targ.network.fisher.clust.ldlpfc.dilate_5.1d,/cbica/projects/nbthetaconn/pipeline/results/007/007.04.rest.me.errts.targ.network.fisher.clust.ldlpfc.dilate_5.1d,007,04,rest,me,network,ldlpfc,dilate_5,53.0,-21.0,15.0
007.01.rest.me.errts.targ.network.fisher.clust.ldlpfc.orig.1d,/cbica/projects/nbthetaconn/pipeline/results/007/007.01.rest.me.errts.targ.network.fisher.clust.ldlpfc.orig.1d,007,01,rest,me,network,ldlpfc,orig,49.0,-29.0,27.0
007.03.rest.me.errts.targ.seed.fisher.clust.ldlpfc.dilate_5.1d,/cbica/projects/nbthetaconn/pipeline/results/007/007.03.rest.me.errts.targ.seed.fisher.clust.ldlpfc.dilate_5.1d,007,03,rest,me,seed,ldlpfc,dilate_5,27.0,-19.0,49.0
007.01.rest.me.errts.targ.network.fisher.clust.ldlpfc.dilate_5.1d,/cbica/projects/nbthetaconn/pipeline/results/007/007.01.rest.me.errts.targ.network.fisher.clust.ldlpfc.dilate_5.1d,007,01,rest,me,network,ldlpfc,dilate_5,53.0,-21.0,15.0
007.01.rest.me.errts.targ.seed.fisher.clust.ldlpfc.dilate_5.1d,/cbica/projects/nbthetaconn/pipeline/results/007/007.01.rest.me.errts.targ.seed.fisher.clust.ldlpfc.dilate_5.1d,007,01,rest,me,seed,ldlpfc,dilate_5,43.0,-17.0,31.0
007.02.rest.me.errts.targ.network.fisher.clust.ldlpfc.orig.1d,/cbica/projects/nbthetaconn/pipeline/results/007/007.02.rest.me.errts.targ.network.fisher.clust.ldlpfc.orig.1d,007,02,rest,me,network,ldlpfc,orig,41.0,-27.0,37.0
007.04.rest.me.errts.targ.seed.fisher.clust.ldlpfc.orig.1d,/cbica/projects/nbthetaconn/pipeline/results/007/007.04.rest.me.errts.targ.seed.fisher.clust.ldlpfc.orig.1d,007,04,rest,me,seed,ldlpfc,orig,41.0,-23.0,37.0
007.02.rest.me.errts.targ.network.fisher.clust.ldlpfc.erode_1.1d,/cbica/projects/nbthetaconn/pipeline/results/007/007.02.rest.me.errts.targ.network.fisher.clust.ldlpfc.erode_1.1d,007,02,rest,me,network,ldlpfc,erode_1,43.0,-27.0,37.0
007.03.rest.me.errts.targ.seed.fisher.clust.ldlpfc.orig.1d,/cbica/projects/nbthetaconn/pipeline/results/007/007.03.rest.me.errts.targ.seed.fisher.clust.ldlpfc.orig.1d,007,03,rest,me,seed,ldlpfc,orig,47.0,-17.0,33.0
007.02.rest.me.errts.targ.network.fisher.clust.ldlpfc.dilate_5.1d,/cbica/projects/nbthetaconn/pipeline/results/007/007.02.rest.me.errts.targ.network.fisher.clust.ldlpfc.dilate_5.1d,007,02,rest,me,network,ldlpfc,dilate_5,29.0,-23.0,49.0
007.04.rest.me.errts.targ.network.fisher.clust.ldlpfc.erode_1.1d,/cbica/projects/nbthetaconn/pipeline/results/007/007.04.rest.me.errts.targ.network.fisher.clust.ldlpfc.erode_1.1d,007,04,rest,me,network,ldlpfc,erode_1,49.0,-23.0,33.0
007.01.rest.me.errts.targ.seed.fisher.clust.ldlpfc.erode_1.1d,/cbica/projects/nbthetaconn/pipeline/results/007/007.01.rest.me.errts.targ.seed.fisher.clust.ldlpfc.erode_1.1d,007,01,rest,me,seed,ldlpfc,erode_1,41.0,-19.0,31.0
007.03.rest.me.errts.targ.seed.fisher.clust.ldlpfc.erode_1.1d,/cbica/projects/nbthetaconn/pipeline/results/007/007.03.rest.me.errts.targ.seed.fisher.clust.ldlpfc.erode_1.1d,007,03,rest,me,seed,ldlpfc,erode_1,47.0,-19.0,33.0
007.02.rest.me.errts.targ.seed.fisher.clust.ldlpfc.erode_1.1d,/cbica/projects/nbthetaconn/pipeline/results/007/007.02.rest.me.errts.targ.seed.fisher.clust.ldlpfc.erode_1.1d,007,02,rest,me,seed,ldlpfc,erode_1,39.0,-31.0,27.0
007.02.rest.me.errts.targ.seed.fisher.clust.ldlpfc.dilate_5.1d,/cbica/projects/nbthetaconn/pipeline/results/007/007.02.rest.me.errts.targ.seed.fisher.clust.ldlpfc.dilate_5.1d,007,02,rest,me,seed,ldlpfc,dilate_5,27.0,-19.0,49.0
007.04.rest.me.errts.targ.network.fisher.clust.ldlpfc.orig.1d,/cbica/projects/nbthetaconn/pipeline/results/007/007.04.rest.me.errts.targ.network.fisher.clust.ldlpfc.orig.1d,007,04,rest,me,network,ldlpfc,orig,51.0,-13.0,33.0
007.04.rest.me.errts.targ.seed.fisher.clust.ldlpfc.erode_1.1d,/cbica/projects/nbthetaconn/pipeline/results/007/007.04.rest.me.errts.targ.seed.fisher.clust.ldlpfc.erode_1.1d,007,04,rest,me,seed,ldlpfc,erode_1,41.0,-23.0,37.0
007.03.rest.me.errts.targ.network.fisher.clust.ldlpfc.orig.1d,/cbica/projects/nbthetaconn/pipeline/results/007/007.03.rest.me.errts.targ.network.fisher.clust.ldlpfc.orig.1d,007,03,rest,me,network,ldlpfc,orig,39.0,-19.0,27.0
007.03.rest.me.errts.targ.network.fisher.clust.ldlpfc.erode_1.1d,/cbica/projects/nbthetaconn/pipeline/results/007/007.03.rest.me.errts.targ.network.fisher.clust.ldlpfc.erode_1.1d,007,03,rest,me,network,ldlpfc,erode_1,39.0,-37.0,33.0
003.03.rest.me.errts.targ.network.fisher.clust.ldlpfc.erode_1.1d,/cbica/projects/nbthetaconn/pipeline/results/003/003.03.rest.me.errts.targ.network.fisher.clust.ldlpfc.erode_1.1d,003,03,rest,me,network,ldlpfc,erode_1,37.0,-21.0,29.0
003.04.rest.me.errts.targ.seed.fisher.clust.ldlpfc.dilate_5.1d,/cbica/projects/nbthetaconn/pipeline/results/003/003.04.rest.me.errts.targ.seed.fisher.clust.ldlpfc.dilate_5.1d,003,04,rest,me,seed,ldlpfc,dilate_5,17.0,-35.0,47.0
003.04.rest.me.errts.targ.network.fisher.clust.ldlpfc.orig.1d,/cbica/projects/nbthetaconn/pipeline/results/003/003.04.rest.me.errts.targ.network.fisher.clust.ldlpfc.orig.1d,003,04,rest,me,network,ldlpfc,orig,43.0,-9.0,35.0
003.01.rest.me.errts.targ.network.fisher.clust.ldlpfc.orig.1d,/cbica/projects/nbthetaconn/pipeline/results/003/003.01.rest.me.errts.targ.network.fisher.clust.ldlpfc.orig.1d,003,01,rest,me,network,ldlpfc,orig,35.0,-41.0,37.0
003.02.rest.me.errts.targ.seed.fisher.clust.ldlpfc.orig.1d,/cbica/projects/nbthetaconn/pipeline/results/003/003.02.rest.me.errts.targ.seed.fisher.clust.ldlpfc.orig.1d,003,02,rest,me,seed,ldlpfc,orig,41.0,-29.0,39.0
003.01.rest.me.errts.targ.network.fisher.clust.ldlpfc.dilate_5.1d,/cbica/projects/nbthetaconn/pipeline/results/003/003.01.rest.me.errts.targ.network.fisher.clust.ldlpfc.dilate_5.1d,003,01,rest,me,network,ldlpfc,dilate_5,21.0,-31.0,47.0
003.03.rest.me.errts.targ.seed.fisher.clust.ldlpfc.dilate_5.1d,/cbica/projects/nbthetaconn/pipeline/results/003/003.03.rest.me.errts.targ.seed.fisher.clust.ldlpfc.dilate_5.1d,003,03,rest,me,seed,ldlpfc,dilate_5,51.0,1.0,37.0
003.01.rest.me.errts.targ.seed.fisher.clust.ldlpfc.dilate_5.1d,/cbica/projects/nbthetaconn/pipeline/results/003/003.01.rest.me.errts.targ.seed.fisher.clust.ldlpfc.dilate_5.1d,003,01,rest,me,seed,ldlpfc,dilate_5,17.0,-35.0,47.0
003.03.rest.me.errts.targ.network.fisher.clust.ldlpfc.orig.1d,/cbica/projects/nbthetaconn/pipeline/results/003/003.03.rest.me.errts.targ.network.fisher.clust.ldlpfc.orig.1d,003,03,rest,me,network,ldlpfc,orig,43.0,-15.0,33.0
003.02.rest.me.errts.targ.seed.fisher.clust.ldlpfc.dilate_5.1d,/cbica/projects/nbthetaconn/pipeline/results/003/003.02.rest.me.errts.targ.seed.fisher.clust.ldlpfc.dilate_5.1d,003,02,rest,me,seed,ldlpfc,dilate_5,61.0,-17.0,21.0
003.02.rest.me.errts.targ.network.fisher.clust.ldlpfc.orig.1d,/cbica/projects/nbthetaconn/pipeline/results/003/003.02.rest.me.errts.targ.network.fisher.clust.ldlpfc.orig.1d,003,02,rest,me,network,ldlpfc,orig,43.0,-21.0,25.0
003.04.rest.me.errts.targ.seed.fisher.clust.ldlpfc.orig.1d,/cbica/projects/nbthetaconn/pipeline/results/003/003.04.rest.me.errts.targ.seed.fisher.clust.ldlpfc.orig.1d,003,04,rest,me,seed,ldlpfc,orig,35.0,-33.0,27.0
003.04.rest.me.errts.targ.network.fisher.clust.ldlpfc.dilate_5.1d,/cbica/projects/nbthetaconn/pipeline/results/003/003.04.rest.me.errts.targ.network.fisher.clust.ldlpfc.dilate_5.1d,003,04,rest,me,network,ldlpfc,dilate_5,31.0,-39.0,47.0
003.03.rest.me.errts.targ.network.fisher.clust.ldlpfc.dilate_5.1d,/cbica/projects/nbthetaconn/pipeline/results/003/003.03.rest.me.errts.targ.network.fisher.clust.ldlpfc.dilate_5.1d,003,03,rest,me,network,ldlpfc,dilate_5,21.0,-47.0,35.0
003.02.rest.me.errts.targ.seed.fisher.clust.ldlpfc.erode_1.1d,/cbica/projects/nbthetaconn/pipeline/results/003/003.02.rest.me.errts.targ.seed.fisher.clust.ldlpfc.erode_1.1d,003,02,rest,me,seed,ldlpfc,erode_1,41.0,-25.0,29.0
003.03.rest.me.errts.targ.seed.fisher.clust.ldlpfc.erode_1.1d,/cbica/projects/nbthetaconn/pipeline/results/003/003.03.rest.me.errts.targ.seed.fisher.clust.ldlpfc.erode_1.1d,003,03,rest,me,seed,ldlpfc,erode_1,43.0,-27.0,31.0
003.03.rest.me.errts.targ.seed.fisher.clust.ldlpfc.orig.1d,/cbica/projects/nbthetaconn/pipeline/results/003/003.03.rest.me.errts.targ.seed.fisher.clust.ldlpfc.orig.1d,003,03,rest,me,seed,ldlpfc,orig,43.0,-27.0,31.0
003.02.rest.me.errts.targ.network.fisher.clust.ldlpfc.dilate_5.1d,/cbica/projects/nbthetaconn/pipeline/results/003/003.02.rest.me.errts.targ.network.fisher.clust.ldlpfc.dilate_5.1d,003,02,rest,me,network,ldlpfc,dilate_5,21.0,-31.0,47.0
003.01.rest.me.errts.targ.seed.fisher.clust.ldlpfc.orig.1d,/cbica/projects/nbthetaconn/pipeline/results/003/003.01.rest.me.errts.targ.seed.fisher.clust.ldlpfc.orig.1d,003,01,rest,me,seed,ldlpfc,orig,37.0,-41.0,37.0
003.04.rest.me.errts.targ.seed.fisher.clust.ldlpfc.erode_1.1d,/cbica/projects/nbthetaconn/pipeline/results/003/003.04.rest.me.errts.targ.seed.fisher.clust.ldlpfc.erode_1.1d,003,04,rest,me,seed,ldlpfc,erode_1,37.0,-29.0,33.0
003.01.rest.me.errts.targ.network.fisher.clust.ldlpfc.erode_1.1d,/cbica/projects/nbthetaconn/pipeline/results/003/003.01.rest.me.errts.targ.network.fisher.clust.ldlpfc.erode_1.1d,003,01,rest,me,network,ldlpfc,erode_1,45.0,-29.0,31.0
003.02.rest.me.errts.targ.network.fisher.clust.ldlpfc.erode_1.1d,/cbica/projects/nbthetaconn/pipeline/results/003/003.02.rest.me.errts.targ.network.fisher.clust.ldlpfc.erode_1.1d,003,02,rest,me,network,ldlpfc,erode_1,35.0,-29.0,31.0
003.01.rest.me.errts.targ.seed.fisher.clust.ldlpfc.erode_1.1d,/cbica/projects/nbthetaconn/pipeline/results/003/003.01.rest.me.errts.targ.seed.fisher.clust.ldlpfc.erode_1.1d,003,01,rest,me,seed,ldlpfc,erode_1,39.0,-27.0,31.0
003.04.rest.me.errts.targ.network.fisher.clust.ldlpfc.erode_1.1d,/cbica/projects/nbthetaconn/pipeline/results/003/003.04.rest.me.errts.targ.network.fisher.clust.ldlpfc.erode_1.1d,003,04,rest,me,network,ldlpfc,erode_1,35.0,-29.0,33.0
008.04.rest.me.errts.targ.seed.fisher.clust.ldlpfc.orig.1d,/cbica/projects/nbthetaconn/pipeline/results/008/008.04.rest.me.errts.targ.seed.fisher.clust.ldlpfc.orig.1d,008,04,rest,me,seed,ldlpfc,orig,39.0,-27.0,25.0
008.02.rest.me.errts.targ.seed.fisher.clust.ldlpfc.erode_1.1d,/cbica/projects/nbthetaconn/pipeline/results/008/008.02.rest.me.errts.targ.seed.fisher.clust.ldlpfc.erode_1.1d,008,02,rest,me,seed,ldlpfc,erode_1,45.0,-37.0,25.0
008.03.rest.me.errts.targ.seed.fisher.clust.ldlpfc.orig.1d,/cbica/projects/nbthetaconn/pipeline/results/008/008.03.rest.me.errts.targ.seed.fisher.clust.ldlpfc.orig.1d,008,03,rest,me,seed,ldlpfc,orig,45.0,-39.0,25.0
008.02.rest.me.errts.targ.seed.fisher.clust.ldlpfc.orig.1d,/cbica/projects/nbthetaconn/pipeline/results/008/008.02.rest.me.errts.targ.seed.fisher.clust.ldlpfc.orig.1d,008,02,rest,me,seed,ldlpfc,orig,47.0,-37.0,27.0
008.01.rest.me.errts.targ.network.fisher.clust.ldlpfc.dilate_5.1d,/cbica/projects/nbthetaconn/pipeline/results/008/008.01.rest.me.errts.targ.network.fisher.clust.ldlpfc.dilate_5.1d,008,01,rest,me,network,ldlpfc,dilate_5,39.0,-27.0,53.0
008.04.rest.me.errts.targ.network.fisher.clust.ldlpfc.erode_1.1d,/cbica/projects/nbthetaconn/pipeline/results/008/008.04.rest.me.errts.targ.network.fisher.clust.ldlpfc.erode_1.1d,008,04,rest,me,network,ldlpfc,erode_1,45.0,-27.0,35.0
008.01.rest.me.errts.targ.seed.fisher.clust.ldlpfc.orig.1d,/cbica/projects/nbthetaconn/pipeline/results/008/008.01.rest.me.errts.targ.seed.fisher.clust.ldlpfc.orig.1d,008,01,rest,me,seed,ldlpfc,orig,49.0,-29.0,27.0
008.01.rest.me.errts.targ.seed.fisher.clust.ldlpfc.erode_1.1d,/cbica/projects/nbthetaconn/pipeline/results/008/008.01.rest.me.errts.targ.seed.fisher.clust.ldlpfc.erode_1.1d,008,01,rest,me,seed,ldlpfc,erode_1,35.0,-25.0,29.0
008.02.rest.me.errts.targ.network.fisher.clust.ldlpfc.orig.1d,/cbica/projects/nbthetaconn/pipeline/results/008/008.02.rest.me.errts.targ.network.fisher.clust.ldlpfc.orig.1d,008,02,rest,me,network,ldlpfc,orig,51.0,-25.0,33.0
008.03.rest.me.errts.targ.seed.fisher.clust.ldlpfc.erode_1.1d,/cbica/projects/nbthetaconn/pipeline/results/008/008.03.rest.me.errts.targ.seed.fisher.clust.ldlpfc.erode_1.1d,008,03,rest,me,seed,ldlpfc,erode_1,37.0,-33.0,35.0
008.01.rest.me.errts.targ.network.fisher.clust.ldlpfc.erode_1.1d,/cbica/projects/nbthetaconn/pipeline/results/008/008.01.rest.me.errts.targ.network.fisher.clust.ldlpfc.erode_1.1d,008,01,rest,me,network,ldlpfc,erode_1,45.0,-37.0,25.0
008.02.rest.me.errts.targ.network.fisher.clust.ldlpfc.erode_1.1d,/cbica/projects/nbthetaconn/pipeline/results/008/008.02.rest.me.errts.targ.network.fisher.clust.ldlpfc.erode_1.1d,008,02,rest,me,network,ldlpfc,erode_1,47.0,-23.0,37.0
008.04.rest.me.errts.targ.seed.fisher.clust.ldlpfc.erode_1.1d,/cbica/projects/nbthetaconn/pipeline/results/008/008.04.rest.me.errts.targ.seed.fisher.clust.ldlpfc.erode_1.1d,008,04,rest,me,seed,ldlpfc,erode_1,39.0,-27.0,27.0
008.02.rest.me.errts.targ.network.fisher.clust.ldlpfc.dilate_5.1d,/cbica/projects/nbthetaconn/pipeline/results/008/008.02.rest.me.errts.targ.network.fisher.clust.ldlpfc.dilate_5.1d,008,02,rest,me,network,ldlpfc,dilate_5,39.0,-53.0,27.0
008.03.rest.me.errts.targ.network.fisher.clust.ldlpfc.dilate_5.1d,/cbica/projects/nbthetaconn/pipeline/results/008/008.03.rest.me.errts.targ.network.fisher.clust.ldlpfc.dilate_5.1d,008,03,rest,me,network,ldlpfc,dilate_5,33.0,-43.0,41.0
008.04.rest.me.errts.targ.seed.fisher.clust.ldlpfc.dilate_5.1d,/cbica/projects/nbthetaconn/pipeline/results/008/008.04.rest.me.errts.targ.seed.fisher.clust.ldlpfc.dilate_5.1d,008,04,rest,me,seed,ldlpfc,dilate_5,47.0,-45.0,13.0
008.04.rest.me.errts.targ.network.fisher.clust.ldlpfc.dilate_5.1d,/cbica/projects/nbthetaconn/pipeline/results/008/008.04.rest.me.errts.targ.network.fisher.clust.ldlpfc.dilate_5.1d,008,04,rest,me,network,ldlpfc,dilate_5,55.0,-27.0,29.0
008.03.rest.me.errts.targ.seed.fisher.clust.ldlpfc.dilate_5.1d,/cbica/projects/nbthetaconn/pipeline/results/008/008.03.rest.me.errts.targ.seed.fisher.clust.ldlpfc.dilate_5.1d,008,03,rest,me,seed,ldlpfc,dilate_5,29.0,-47.0,33.0
008.04.rest.me.errts.targ.network.fisher.clust.ldlpfc.orig.1d,/cbica/projects/nbthetaconn/pipeline/results/008/008.04.rest.me.errts.targ.network.fisher.clust.ldlpfc.orig.1d,008,04,rest,me,network,ldlpfc,orig,51.0,-29.0,29.0
008.01.rest.me.errts.targ.network.fisher.clust.ldlpfc.orig.1d,/cbica/projects/nbthetaconn/pipeline/results/008/008.01.rest.me.errts.targ.network.fisher.clust.ldlpfc.orig.1d,008,01,rest,me,network,ldlpfc,orig,45.0,-39.0,25.0
008.03.rest.me.errts.targ.network.fisher.clust.ldlpfc.orig.1d,/cbica/projects/nbthetaconn/pipeline/results/008/008.03.rest.me.errts.targ.network.fisher.clust.ldlpfc.orig.1d,008,03,rest,me,network,ldlpfc,orig,33.0,-41.0,37.0
008.03.rest.me.errts.targ.network.fisher.clust.ldlpfc.erode_1.1d,/cbica/projects/nbthetaconn/pipeline/results/008/008.03.rest.me.errts.targ.network.fisher.clust.ldlpfc.erode_1.1d,008,03,rest,me,network,ldlpfc,erode_1,47.0,-23.0,37.0
008.01.rest.me.errts.targ.seed.fisher.clust.ldlpfc.dilate_5.1d,/cbica/projects/nbthetaconn/pipeline/results/008/008.01.rest.me.errts.targ.seed.fisher.clust.ldlpfc.dilate_5.1d,008,01,rest,me,seed,ldlpfc,dilate_5,47.0,-11.0,45.0
008.02.rest.me.errts.targ.seed.fisher.clust.ldlpfc.dilate_5.1d,/cbica/projects/nbthetaconn/pipeline/results/008/008.02.rest.me.errts.targ.seed.fisher.clust.ldlpfc.dilate_5.1d,008,02,rest,me,seed,ldlpfc,dilate_5,41.0,-41.0,23.0
010.03.rest.me.errts.targ.network.fisher.clust.ldlpfc.orig.1d,/cbica/projects/nbthetaconn/pipeline/results/010/010.03.rest.me.errts.targ.network.fisher.clust.ldlpfc.orig.1d,010,03,rest,me,network,ldlpfc,orig,47.0,-39.0,25.0
010.01.rest.me.errts.targ.network.fisher.clust.ldlpfc.orig.1d,/cbica/projects/nbthetaconn/pipeline/results/010/010.01.rest.me.errts.targ.network.fisher.clust.ldlpfc.orig.1d,010,01,rest,me,network,ldlpfc,orig,45.0,-39.0,25.0
010.04.rest.me.errts.targ.network.fisher.clust.ldlpfc.erode_1.1d,/cbica/projects/nbthetaconn/pipeline/results/010/010.04.rest.me.errts.targ.network.fisher.clust.ldlpfc.erode_1.1d,010,04,rest,me,network,ldlpfc,erode_1,43.0,-37.0,25.0
010.01.rest.me.errts.targ.seed.fisher.clust.ldlpfc.erode_1.1d,/cbica/projects/nbthetaconn/pipeline/results/010/010.01.rest.me.errts.targ.seed.fisher.clust.ldlpfc.erode_1.1d,010,01,rest,me,seed,ldlpfc,erode_1,47.0,-21.0,35.0
010.02.rest.me.errts.targ.network.fisher.clust.ldlpfc.dilate_5.1d,/cbica/projects/nbthetaconn/pipeline/results/010/010.02.rest.me.errts.targ.network.fisher.clust.ldlpfc.dilate_5.1d,010,02,rest,me,network,ldlpfc,dilate_5,57.0,-33.0,13.0
010.02.rest.me.errts.targ.seed.fisher.clust.ldlpfc.erode_1.1d,/cbica/projects/nbthetaconn/pipeline/results/010/010.02.rest.me.errts.targ.seed.fisher.clust.ldlpfc.erode_1.1d,010,02,rest,me,seed,ldlpfc,erode_1,35.0,-29.0,31.0
010.04.rest.me.errts.targ.seed.fisher.clust.ldlpfc.erode_1.1d,/cbica/projects/nbthetaconn/pipeline/results/010/010.04.rest.me.errts.targ.seed.fisher.clust.ldlpfc.erode_1.1d,010,04,rest,me,seed,ldlpfc,erode_1,47.0,-23.0,37.0
010.04.rest.me.errts.targ.seed.fisher.clust.ldlpfc.orig.1d,/cbica/projects/nbthetaconn/pipeline/results/010/010.04.rest.me.errts.targ.seed.fisher.clust.ldlpfc.orig.1d,010,04,rest,me,seed,ldlpfc,orig,51.0,-13.0,31.0
010.02.rest.me.errts.targ.seed.fisher.clust.ldlpfc.dilate_5.1d,/cbica/projects/nbthetaconn/pipeline/results/010/010.02.rest.me.errts.targ.seed.fisher.clust.ldlpfc.dilate_5.1d,010,02,rest,me,seed,ldlpfc,dilate_5,57.0,-15.0,29.0
010.04.rest.me.errts.targ.network.fisher.clust.ldlpfc.orig.1d,/cbica/projects/nbthetaconn/pipeline/results/010/010.04.rest.me.errts.targ.network.fisher.clust.ldlpfc.orig.1d,010,04,rest,me,network,ldlpfc,orig,43.0,-39.0,25.0
010.03.rest.me.errts.targ.seed.fisher.clust.ldlpfc.orig.1d,/cbica/projects/nbthetaconn/pipeline/results/010/010.03.rest.me.errts.targ.seed.fisher.clust.ldlpfc.orig.1d,010,03,rest,me,seed,ldlpfc,orig,53.0,-13.0,33.0
010.02.rest.me.errts.targ.network.fisher.clust.ldlpfc.erode_1.1d,/cbica/projects/nbthetaconn/pipeline/results/010/010.02.rest.me.errts.targ.network.fisher.clust.ldlpfc.erode_1.1d,010,02,rest,me,network,ldlpfc,erode_1,37.0,-33.0,35.0
010.01.rest.me.errts.targ.seed.fisher.clust.ldlpfc.orig.1d,/cbica/projects/nbthetaconn/pipeline/results/010/010.01.rest.me.errts.targ.seed.fisher.clust.ldlpfc.orig.1d,010,01,rest,me,seed,ldlpfc,orig,51.0,-13.0,33.0
010.03.rest.me.errts.targ.seed.fisher.clust.ldlpfc.erode_1.1d,/cbica/projects/nbthetaconn/pipeline/results/010/010.03.rest.me.errts.targ.seed.fisher.clust.ldlpfc.erode_1.1d,010,03,rest,me,seed,ldlpfc,erode_1,43.0,-35.0,25.0
010.01.rest.me.errts.targ.network.fisher.clust.ldlpfc.dilate_5.1d,/cbica/projects/nbthetaconn/pipeline/results/010/010.01.rest.me.errts.targ.network.fisher.clust.ldlpfc.dilate_5.1d,010,01,rest,me,network,ldlpfc,dilate_5,57.0,-31.0,19.0
010.03.rest.me.errts.targ.network.fisher.clust.ldlpfc.dilate_5.1d,/cbica/projects/nbthetaconn/pipeline/results/010/010.03.rest.me.errts.targ.network.fisher.clust.ldlpfc.dilate_5.1d,010,03,rest,me,network,ldlpfc,dilate_5,57.0,-31.0,15.0
010.02.rest.me.errts.targ.network.fisher.clust.ldlpfc.orig.1d,/cbica/projects/nbthetaconn/pipeline/results/010/010.02.rest.me.errts.targ.network.fisher.clust.ldlpfc.orig.1d,010,02,rest,me,network,ldlpfc,orig,41.0,-23.0,25.0
010.03.rest.me.errts.targ.network.fisher.clust.ldlpfc.erode_1.1d,/cbica/projects/nbthetaconn/pipeline/results/010/010.03.rest.me.errts.targ.network.fisher.clust.ldlpfc.erode_1.1d,010,03,rest,me,network,ldlpfc,erode_1,45.0,-37.0,25.0
010.04.rest.me.errts.targ.network.fisher.clust.ldlpfc.dilate_5.1d,/cbica/projects/nbthetaconn/pipeline/results/010/010.04.rest.me.errts.targ.network.fisher.clust.ldlpfc.dilate_5.1d,010,04,rest,me,network,ldlpfc,dilate_5,49.0,-39.0,23.0
010.03.rest.me.errts.targ.seed.fisher.clust.ldlpfc.dilate_5.1d,/cbica/projects/nbthetaconn/pipeline/results/010/010.03.rest.me.errts.targ.seed.fisher.clust.ldlpfc.dilate_5.1d,010,03,rest,me,seed,ldlpfc,dilate_5,43.0,-49.0,17.0
010.02.rest.me.errts.targ.seed.fisher.clust.ldlpfc.orig.1d,/cbica/projects/nbthetaconn/pipeline/results/010/010.02.rest.me.errts.targ.seed.fisher.clust.ldlpfc.orig.1d,010,02,rest,me,seed,ldlpfc,orig,53.0,-13.0,33.0
010.01.rest.me.errts.targ.seed.fisher.clust.ldlpfc.dilate_5.1d,/cbica/projects/nbthetaconn/pipeline/results/010/010.01.rest.me.errts.targ.seed.fisher.clust.ldlpfc.dilate_5.1d,010,01,rest,me,seed,ldlpfc,dilate_5,49.0,-11.0,33.0
010.01.rest.me.errts.targ.network.fisher.clust.ldlpfc.erode_1.1d,/cbica/projects/nbthetaconn/pipeline/results/010/010.01.rest.me.errts.targ.network.fisher.clust.ldlpfc.erode_1.1d,010,01,rest,me,network,ldlpfc,erode_1,41.0,-39.0,27.0
010.04.rest.me.errts.targ.seed.fisher.clust.ldlpfc.dilate_5.1d,/cbica/projects/nbthetaconn/pipeline/results/010/010.04.rest.me.errts.targ.seed.fisher.clust.ldlpfc.dilate_5.1d,010,04,rest,me,seed,ldlpfc,dilate_5,57.0,-11.0,17.0
009.01.rest.me.errts.targ.network.fisher.clust.ldlpfc.orig.1d,/cbica/projects/nbthetaconn/pipeline/results/009/009.01.rest.me.errts.targ.network.fisher.clust.ldlpfc.orig.1d,009,01,rest,me,network,ldlpfc,orig,35.0,-41.0,35.0
009.03.rest.me.errts.targ.seed.fisher.clust.ldlpfc.erode_1.1d,/cbica/projects/nbthetaconn/pipeline/results/009/009.03.rest.me.errts.targ.seed.fisher.clust.ldlpfc.erode_1.1d,009,03,rest,me,seed,ldlpfc,erode_1,43.0,-21.0,35.0
009.04.rest.me.errts.targ.network.fisher.clust.ldlpfc.orig.1d,/cbica/projects/nbthetaconn/pipeline/results/009/009.04.rest.me.errts.targ.network.fisher.clust.ldlpfc.orig.1d,009,04,rest,me,network,ldlpfc,orig,51.0,-13.0,33.0
009.01.rest.me.errts.targ.seed.fisher.clust.ldlpfc.erode_1.1d,/cbica/projects/nbthetaconn/pipeline/results/009/009.01.rest.me.errts.targ.seed.fisher.clust.ldlpfc.erode_1.1d,009,01,rest,me,seed,ldlpfc,erode_1,43.0,-29.0,35.0
009.02.rest.me.errts.targ.network.fisher.clust.ldlpfc.erode_1.1d,/cbica/projects/nbthetaconn/pipeline/results/009/009.02.rest.me.errts.targ.network.fisher.clust.ldlpfc.erode_1.1d,009,02,rest,me,network,ldlpfc,erode_1,43.0,-27.0,37.0
009.01.rest.me.errts.targ.network.fisher.clust.ldlpfc.erode_1.1d,/cbica/projects/nbthetaconn/pipeline/results/009/009.01.rest.me.errts.targ.network.fisher.clust.ldlpfc.erode_1.1d,009,01,rest,me,network,ldlpfc,erode_1,43.0,-27.0,35.0
009.03.rest.me.errts.targ.seed.fisher.clust.ldlpfc.orig.1d,/cbica/projects/nbthetaconn/pipeline/results/009/009.03.rest.me.errts.targ.seed.fisher.clust.ldlpfc.orig.1d,009,03,rest,me,seed,ldlpfc,orig,33.0,-25.0,35.0
009.04.rest.me.errts.targ.network.fisher.clust.ldlpfc.dilate_5.1d,/cbica/projects/nbthetaconn/pipeline/results/009/009.04.rest.me.errts.targ.network.fisher.clust.ldlpfc.dilate_5.1d,009,04,rest,me,network,ldlpfc,dilate_5,47.0,-13.0,43.0
009.02.rest.me.errts.targ.network.fisher.clust.ldlpfc.dilate_5.1d,/cbica/projects/nbthetaconn/pipeline/results/009/009.02.rest.me.errts.targ.network.fisher.clust.ldlpfc.dilate_5.1d,009,02,rest,me,network,ldlpfc,dilate_5,49.0,-13.0,33.0
009.02.rest.me.errts.targ.seed.fisher.clust.ldlpfc.dilate_5.1d,/cbica/projects/nbthetaconn/pipeline/results/009/009.02.rest.me.errts.targ.seed.fisher.clust.ldlpfc.dilate_5.1d,009,02,rest,me,seed,ldlpfc,dilate_5,61.0,-13.0,19.0
009.03.rest.me.errts.targ.seed.fisher.clust.ldlpfc.dilate_5.1d,/cbica/projects/nbthetaconn/pipeline/results/009/009.03.rest.me.errts.targ.seed.fisher.clust.ldlpfc.dilate_5.1d,009,03,rest,me,seed,ldlpfc,dilate_5,25.0,-39.0,45.0
009.02.rest.me.errts.targ.network.fisher.clust.ldlpfc.orig.1d,/cbica/projects/nbthetaconn/pipeline/results/009/009.02.rest.me.errts.targ.network.fisher.clust.ldlpfc.orig.1d,009,02,rest,me,network,ldlpfc,orig,51.0,-13.0,33.0
009.04.rest.me.errts.targ.seed.fisher.clust.ldlpfc.erode_1.1d,/cbica/projects/nbthetaconn/pipeline/results/009/009.04.rest.me.errts.targ.seed.fisher.clust.ldlpfc.erode_1.1d,009,04,rest,me,seed,ldlpfc,erode_1,35.0,-31.0,33.0
009.03.rest.me.errts.targ.network.fisher.clust.ldlpfc.erode_1.1d,/cbica/projects/nbthetaconn/pipeline/results/009/009.03.rest.me.errts.targ.network.fisher.clust.ldlpfc.erode_1.1d,009,03,rest,me,network,ldlpfc,erode_1,43.0,-19.0,33.0
009.04.rest.me.errts.targ.seed.fisher.clust.ldlpfc.dilate_5.1d,/cbica/projects/nbthetaconn/pipeline/results/009/009.04.rest.me.errts.targ.seed.fisher.clust.ldlpfc.dilate_5.1d,009,04,rest,me,seed,ldlpfc,dilate_5,15.0,-35.0,29.0
009.02.rest.me.errts.targ.seed.fisher.clust.ldlpfc.erode_1.1d,/cbica/projects/nbthetaconn/pipeline/results/009/009.02.rest.me.errts.targ.seed.fisher.clust.ldlpfc.erode_1.1d,009,02,rest,me,seed,ldlpfc,erode_1,39.0,-29.0,27.0
009.02.rest.me.errts.targ.seed.fisher.clust.ldlpfc.orig.1d,/cbica/projects/nbthetaconn/pipeline/results/009/009.02.rest.me.errts.targ.seed.fisher.clust.ldlpfc.orig.1d,009,02,rest,me,seed,ldlpfc,orig,37.0,-35.0,31.0
009.03.rest.me.errts.targ.network.fisher.clust.ldlpfc.orig.1d,/cbica/projects/nbthetaconn/pipeline/results/009/009.03.rest.me.errts.targ.network.fisher.clust.ldlpfc.orig.1d,009,03,rest,me,network,ldlpfc,orig,51.0,-11.0,33.0
009.04.rest.me.errts.targ.network.fisher.clust.ldlpfc.erode_1.1d,/cbica/projects/nbthetaconn/pipeline/results/009/009.04.rest.me.errts.targ.network.fisher.clust.ldlpfc.erode_1.1d,009,04,rest,me,network,ldlpfc,erode_1,43.0,-27.0,37.0
009.01.rest.me.errts.targ.seed.fisher.clust.ldlpfc.dilate_5.1d,/cbica/projects/nbthetaconn/pipeline/results/009/009.01.rest.me.errts.targ.seed.fisher.clust.ldlpfc.dilate_5.1d,009,01,rest,me,seed,ldlpfc,dilate_5,45.0,-31.0,39.0
009.03.rest.me.errts.targ.network.fisher.clust.ldlpfc.dilate_5.1d,/cbica/projects/nbthetaconn/pipeline/results/009/009.03.rest.me.errts.targ.network.fisher.clust.ldlpfc.dilate_5.1d,009,03,rest,me,network,ldlpfc,dilate_5,51.0,-13.0,49.0
009.04.rest.me.errts.targ.seed.fisher.clust.ldlpfc.orig.1d,/cbica/projects/nbthetaconn/pipeline/results/009/009.04.rest.me.errts.targ.seed.fisher.clust.ldlpfc.orig.1d,009,04,rest,me,seed,ldlpfc,orig,39.0,-15.0,35.0
009.01.rest.me.errts.targ.seed.fisher.clust.ldlpfc.orig.1d,/cbica/projects/nbthetaconn/pipeline/results/009/009.01.rest.me.errts.targ.seed.fisher.clust.ldlpfc.orig.1d,009,01,rest,me,seed,ldlpfc,orig,45.0,-31.0,37.0
009.01.rest.me.errts.targ.network.fisher.clust.ldlpfc.dilate_5.1d,/cbica/projects/nbthetaconn/pipeline/results/009/009.01.rest.me.errts.targ.network.fisher.clust.ldlpfc.dilate_5.1d,009,01,rest,me,network,ldlpfc,dilate_5,51.0,-15.0,47.0
011.03.rest.me.errts.targ.network.fisher.clust.ldlpfc.orig.1d,/cbica/projects/nbthetaconn/pipeline/results/011/011.03.rest.me.errts.targ.network.fisher.clust.ldlpfc.orig.1d,011,03,rest,me,network,ldlpfc,orig,53.0,-19.0,35.0
011.04.rest.me.errts.targ.seed.fisher.clust.ldlpfc.erode_1.1d,/cbica/projects/nbthetaconn/pipeline/results/011/011.04.rest.me.errts.targ.seed.fisher.clust.ldlpfc.erode_1.1d,011,04,rest,me,seed,ldlpfc,erode_1,43.0,-35.0,25.0
011.01.rest.me.errts.targ.seed.fisher.clust.ldlpfc.erode_1.1d,/cbica/projects/nbthetaconn/pipeline/results/011/011.01.rest.me.errts.targ.seed.fisher.clust.ldlpfc.erode_1.1d,011,01,rest,me,seed,ldlpfc,erode_1,43.0,-29.0,35.0
011.01.rest.me.errts.targ.seed.fisher.clust.ldlpfc.dilate_5.1d,/cbica/projects/nbthetaconn/pipeline/results/011/011.01.rest.me.errts.targ.seed.fisher.clust.ldlpfc.dilate_5.1d,011,01,rest,me,seed,ldlpfc,dilate_5,27.0,-27.0,43.0
011.04.rest.me.errts.targ.network.fisher.clust.ldlpfc.dilate_5.1d,/cbica/projects/nbthetaconn/pipeline/results/011/011.04.rest.me.errts.targ.network.fisher.clust.ldlpfc.dilate_5.1d,011,04,rest,me,network,ldlpfc,dilate_5,55.0,-19.0,35.0
011.04.rest.me.errts.targ.seed.fisher.clust.ldlpfc.orig.1d,/cbica/projects/nbthetaconn/pipeline/results/011/011.04.rest.me.errts.targ.seed.fisher.clust.ldlpfc.orig.1d,011,04,rest,me,seed,ldlpfc,orig,29.0,-33.0,33.0
011.01.rest.me.errts.targ.network.fisher.clust.ldlpfc.erode_1.1d,/cbica/projects/nbthetaconn/pipeline/results/011/011.01.rest.me.errts.targ.network.fisher.clust.ldlpfc.erode_1.1d,011,01,rest,me,network,ldlpfc,erode_1,47.0,-21.0,35.0
011.02.rest.me.errts.targ.network.fisher.clust.ldlpfc.orig.1d,/cbica/projects/nbthetaconn/pipeline/results/011/011.02.rest.me.errts.targ.network.fisher.clust.ldlpfc.orig.1d,011,02,rest,me,network,ldlpfc,orig,53.0,-19.0,35.0
011.01.rest.me.errts.targ.network.fisher.clust.ldlpfc.orig.1d,/cbica/projects/nbthetaconn/pipeline/results/011/011.01.rest.me.errts.targ.network.fisher.clust.ldlpfc.orig.1d,011,01,rest,me,network,ldlpfc,orig,53.0,-19.0,35.0
011.03.rest.me.errts.targ.network.fisher.clust.ldlpfc.dilate_5.1d,/cbica/projects/nbthetaconn/pipeline/results/011/011.03.rest.me.errts.targ.network.fisher.clust.ldlpfc.dilate_5.1d,011,03,rest,me,network,ldlpfc,dilate_5,55.0,-21.0,35.0
011.01.rest.me.errts.targ.network.fisher.clust.ldlpfc.dilate_5.1d,/cbica/projects/nbthetaconn/pipeline/results/011/011.01.rest.me.errts.targ.network.fisher.clust.ldlpfc.dilate_5.1d,011,01,rest,me,network,ldlpfc,dilate_5,53.0,-21.0,35.0
011.01.rest.me.errts.targ.seed.fisher.clust.ldlpfc.orig.1d,/cbica/projects/nbthetaconn/pipeline/results/011/011.01.rest.me.errts.targ.seed.fisher.clust.ldlpfc.orig.1d,011,01,rest,me,seed,ldlpfc,orig,43.0,-29.0,37.0
011.02.rest.me.errts.targ.seed.fisher.clust.ldlpfc.dilate_5.1d,/cbica/projects/nbthetaconn/pipeline/results/011/011.02.rest.me.errts.targ.seed.fisher.clust.ldlpfc.dilate_5.1d,011,02,rest,me,seed,ldlpfc,dilate_5,21.0,-43.0,35.0
011.02.rest.me.errts.targ.seed.fisher.clust.ldlpfc.orig.1d,/cbica/projects/nbthetaconn/pipeline/results/011/011.02.rest.me.errts.targ.seed.fisher.clust.ldlpfc.orig.1d,011,02,rest,me,seed,ldlpfc,orig,51.0,-19.0,31.0
011.03.rest.me.errts.targ.seed.fisher.clust.ldlpfc.dilate_5.1d,/cbica/projects/nbthetaconn/pipeline/results/011/011.03.rest.me.errts.targ.seed.fisher.clust.ldlpfc.dilate_5.1d,011,03,rest,me,seed,ldlpfc,dilate_5,21.0,-45.0,37.0
011.04.rest.me.errts.targ.network.fisher.clust.ldlpfc.erode_1.1d,/cbica/projects/nbthetaconn/pipeline/results/011/011.04.rest.me.errts.targ.network.fisher.clust.ldlpfc.erode_1.1d,011,04,rest,me,network,ldlpfc,erode_1,49.0,-19.0,33.0
011.02.rest.me.errts.targ.network.fisher.clust.ldlpfc.erode_1.1d,/cbica/projects/nbthetaconn/pipeline/results/011/011.02.rest.me.errts.targ.network.fisher.clust.ldlpfc.erode_1.1d,011,02,rest,me,network,ldlpfc,erode_1,47.0,-21.0,35.0
011.03.rest.me.errts.targ.seed.fisher.clust.ldlpfc.orig.1d,/cbica/projects/nbthetaconn/pipeline/results/011/011.03.rest.me.errts.targ.seed.fisher.clust.ldlpfc.orig.1d,011,03,rest,me,seed,ldlpfc,orig,45.0,-31.0,27.0
011.02.rest.me.errts.targ.network.fisher.clust.ldlpfc.dilate_5.1d,/cbica/projects/nbthetaconn/pipeline/results/011/011.02.rest.me.errts.targ.network.fisher.clust.ldlpfc.dilate_5.1d,011,02,rest,me,network,ldlpfc,dilate_5,51.0,-11.0,47.0
011.04.rest.me.errts.targ.seed.fisher.clust.ldlpfc.dilate_5.1d,/cbica/projects/nbthetaconn/pipeline/results/011/011.04.rest.me.errts.targ.seed.fisher.clust.ldlpfc.dilate_5.1d,011,04,rest,me,seed,ldlpfc,dilate_5,29.0,-33.0,33.0
011.03.rest.me.errts.targ.network.fisher.clust.ldlpfc.erode_1.1d,/cbica/projects/nbthetaconn/pipeline/results/011/011.03.rest.me.errts.targ.network.fisher.clust.ldlpfc.erode_1.1d,011,03,rest,me,network,ldlpfc,erode_1,47.0,-21.0,35.0
011.04.rest.me.errts.targ.network.fisher.clust.ldlpfc.orig.1d,/cbica/projects/nbthetaconn/pipeline/results/011/011.04.rest.me.errts.targ.network.fisher.clust.ldlpfc.orig.1d,011,04,rest,me,network,ldlpfc,orig,53.0,-19.0,35.0
011.02.rest.me.errts.targ.seed.fisher.clust.ldlpfc.erode_1.1d,/cbica/projects/nbthetaconn/pipeline/results/011/011.02.rest.me.errts.targ.seed.fisher.clust.ldlpfc.erode_1.1d,011,02,rest,me,seed,ldlpfc,erode_1,45.0,-33.0,27.0
011.03.rest.me.errts.targ.seed.fisher.clust.ldlpfc.erode_1.1d,/cbica/projects/nbthetaconn/pipeline/results/011/011.03.rest.me.errts.targ.seed.fisher.clust.ldlpfc.erode_1.1d,011,03,rest,me,seed,ldlpfc,erode_1,45.0,-33.0,27.0
004.04.rest.me.errts.targ.network.fisher.clust.ldlpfc.dilate_5.1d,/cbica/projects/nbthetaconn/pipeline/results/004/004.04.rest.me.errts.targ.network.fisher.clust.ldlpfc.dilate_5.1d,004,04,rest,me,network,ldlpfc,dilate_5,47.0,-13.0,53.0
004.02.rest.me.errts.targ.network.fisher.clust.ldlpfc.dilate_5.1d,/cbica/projects/nbthetaconn/pipeline/results/004/004.02.rest.me.errts.targ.network.fisher.clust.ldlpfc.dilate_5.1d,004,02,rest,me,network,ldlpfc,dilate_5,49.0,-35.0,13.0
004.01.rest.me.errts.targ.network.fisher.clust.ldlpfc.dilate_5.1d,/cbica/projects/nbthetaconn/pipeline/results/004/004.01.rest.me.errts.targ.network.fisher.clust.ldlpfc.dilate_5.1d,004,01,rest,me,network,ldlpfc,dilate_5,51.0,-11.0,19.0
004.03.rest.me.errts.targ.seed.fisher.clust.ldlpfc.orig.1d,/cbica/projects/nbthetaconn/pipeline/results/004/004.03.rest.me.errts.targ.seed.fisher.clust.ldlpfc.orig.1d,004,03,rest,me,seed,ldlpfc,orig,47.0,-35.0,25.0
004.01.rest.me.errts.targ.network.fisher.clust.ldlpfc.erode_1.1d,/cbica/projects/nbthetaconn/pipeline/results/004/004.01.rest.me.errts.targ.network.fisher.clust.ldlpfc.erode_1.1d,004,01,rest,me,network,ldlpfc,erode_1,41.0,-39.0,29.0
004.03.rest.me.errts.targ.seed.fisher.clust.ldlpfc.erode_1.1d,/cbica/projects/nbthetaconn/pipeline/results/004/004.03.rest.me.errts.targ.seed.fisher.clust.ldlpfc.erode_1.1d,004,03,rest,me,seed,ldlpfc,erode_1,45.0,-35.0,25.0
004.04.rest.me.errts.targ.seed.fisher.clust.ldlpfc.dilate_5.1d,/cbica/projects/nbthetaconn/pipeline/results/004/004.04.rest.me.errts.targ.seed.fisher.clust.ldlpfc.dilate_5.1d,004,04,rest,me,seed,ldlpfc,dilate_5,33.0,-45.0,33.0
004.04.rest.me.errts.targ.seed.fisher.clust.ldlpfc.erode_1.1d,/cbica/projects/nbthetaconn/pipeline/results/004/004.04.rest.me.errts.targ.seed.fisher.clust.ldlpfc.erode_1.1d,004,04,rest,me,seed,ldlpfc,erode_1,41.0,-23.0,35.0
004.01.rest.me.errts.targ.seed.fisher.clust.ldlpfc.erode_1.1d,/cbica/projects/nbthetaconn/pipeline/results/004/004.01.rest.me.errts.targ.seed.fisher.clust.ldlpfc.erode_1.1d,004,01,rest,me,seed,ldlpfc,erode_1,41.0,-19.0,29.0
004.04.rest.me.errts.targ.network.fisher.clust.ldlpfc.orig.1d,/cbica/projects/nbthetaconn/pipeline/results/004/004.04.rest.me.errts.targ.network.fisher.clust.ldlpfc.orig.1d,004,04,rest,me,network,ldlpfc,orig,49.0,-21.0,41.0
004.04.rest.me.errts.targ.network.fisher.clust.ldlpfc.erode_1.1d,/cbica/projects/nbthetaconn/pipeline/results/004/004.04.rest.me.errts.targ.network.fisher.clust.ldlpfc.erode_1.1d,004,04,rest,me,network,ldlpfc,erode_1,45.0,-23.0,33.0
004.01.rest.me.errts.targ.seed.fisher.clust.ldlpfc.orig.1d,/cbica/projects/nbthetaconn/pipeline/results/004/004.01.rest.me.errts.targ.seed.fisher.clust.ldlpfc.orig.1d,004,01,rest,me,seed,ldlpfc,orig,27.0,-37.0,31.0
004.02.rest.me.errts.targ.seed.fisher.clust.ldlpfc.dilate_5.1d,/cbica/projects/nbthetaconn/pipeline/results/004/004.02.rest.me.errts.targ.seed.fisher.clust.ldlpfc.dilate_5.1d,004,02,rest,me,seed,ldlpfc,dilate_5,29.0,-43.0,37.0
004.04.rest.me.errts.targ.seed.fisher.clust.ldlpfc.orig.1d,/cbica/projects/nbthetaconn/pipeline/results/004/004.04.rest.me.errts.targ.seed.fisher.clust.ldlpfc.orig.1d,004,04,rest,me,seed,ldlpfc,orig,35.0,-41.0,31.0
004.02.rest.me.errts.targ.seed.fisher.clust.ldlpfc.erode_1.1d,/cbica/projects/nbthetaconn/pipeline/results/004/004.02.rest.me.errts.targ.seed.fisher.clust.ldlpfc.erode_1.1d,004,02,rest,me,seed,ldlpfc,erode_1,45.0,-37.0,25.0
004.02.rest.me.errts.targ.network.fisher.clust.ldlpfc.erode_1.1d,/cbica/projects/nbthetaconn/pipeline/results/004/004.02.rest.me.errts.targ.network.fisher.clust.ldlpfc.erode_1.1d,004,02,rest,me,network,ldlpfc,erode_1,37.0,-35.0,33.0
004.01.rest.me.errts.targ.seed.fisher.clust.ldlpfc.dilate_5.1d,/cbica/projects/nbthetaconn/pipeline/results/004/004.01.rest.me.errts.targ.seed.fisher.clust.ldlpfc.dilate_5.1d,004,01,rest,me,seed,ldlpfc,dilate_5,27.0,-39.0,33.0
004.01.rest.me.errts.targ.network.fisher.clust.ldlpfc.orig.1d,/cbica/projects/nbthetaconn/pipeline/results/004/004.01.rest.me.errts.targ.network.fisher.clust.ldlpfc.orig.1d,004,01,rest,me,network,ldlpfc,orig,53.0,-13.0,33.0
004.02.rest.me.errts.targ.seed.fisher.clust.ldlpfc.orig.1d,/cbica/projects/nbthetaconn/pipeline/results/004/004.02.rest.me.errts.targ.seed.fisher.clust.ldlpfc.orig.1d,004,02,rest,me,seed,ldlpfc,orig,53.0,-13.0,33.0
004.02.rest.me.errts.targ.network.fisher.clust.ldlpfc.orig.1d,/cbica/projects/nbthetaconn/pipeline/results/004/004.02.rest.me.errts.targ.network.fisher.clust.ldlpfc.orig.1d,004,02,rest,me,network,ldlpfc,orig,53.0,-13.0,33.0
004.03.rest.me.errts.targ.network.fisher.clust.ldlpfc.erode_1.1d,/cbica/projects/nbthetaconn/pipeline/results/004/004.03.rest.me.errts.targ.network.fisher.clust.ldlpfc.erode_1.1d,004,03,rest,me,network,ldlpfc,erode_1,43.0,-33.0,33.0
004.03.rest.me.errts.targ.seed.fisher.clust.ldlpfc.dilate_5.1d,/cbica/projects/nbthetaconn/pipeline/results/004/004.03.rest.me.errts.targ.seed.fisher.clust.ldlpfc.dilate_5.1d,004,03,rest,me,seed,ldlpfc,dilate_5,53.0,-9.0,47.0
004.03.rest.me.errts.targ.network.fisher.clust.ldlpfc.dilate_5.1d,/cbica/projects/nbthetaconn/pipeline/results/004/004.03.rest.me.errts.targ.network.fisher.clust.ldlpfc.dilate_5.1d,004,03,rest,me,network,ldlpfc,dilate_5,57.0,-23.0,23.0
004.03.rest.me.errts.targ.network.fisher.clust.ldlpfc.orig.1d,/cbica/projects/nbthetaconn/pipeline/results/004/004.03.rest.me.errts.targ.network.fisher.clust.ldlpfc.orig.1d,004,03,rest,me,network,ldlpfc,orig,51.0,-17.0,33.0
005.04.rest.me.errts.targ.network.fisher.clust.ldlpfc.orig.1d,/cbica/projects/nbthetaconn/pipeline/results/005/005.04.rest.me.errts.targ.network.fisher.clust.ldlpfc.orig.1d,005,04,rest,me,network,ldlpfc,orig,39.0,-41.0,35.0
005.04.rest.me.errts.targ.seed.fisher.clust.ldlpfc.erode_1.1d,/cbica/projects/nbthetaconn/pipeline/results/005/005.04.rest.me.errts.targ.seed.fisher.clust.ldlpfc.erode_1.1d,005,04,rest,me,seed,ldlpfc,erode_1,39.0,-21.0,29.0
005.01.rest.me.errts.targ.network.fisher.clust.ldlpfc.erode_1.1d,/cbica/projects/nbthetaconn/pipeline/results/005/005.01.rest.me.errts.targ.network.fisher.clust.ldlpfc.erode_1.1d,005,01,rest,me,network,ldlpfc,erode_1,47.0,-19.0,33.0
005.02.rest.me.errts.targ.network.fisher.clust.ldlpfc.dilate_5.1d,/cbica/projects/nbthetaconn/pipeline/results/005/005.02.rest.me.errts.targ.network.fisher.clust.ldlpfc.dilate_5.1d,005,02,rest,me,network,ldlpfc,dilate_5,27.0,-37.0,49.0
005.04.rest.me.errts.targ.seed.fisher.clust.ldlpfc.orig.1d,/cbica/projects/nbthetaconn/pipeline/results/005/005.04.rest.me.errts.targ.seed.fisher.clust.ldlpfc.orig.1d,005,04,rest,me,seed,ldlpfc,orig,39.0,-21.0,31.0
005.02.rest.me.errts.targ.seed.fisher.clust.ldlpfc.orig.1d,/cbica/projects/nbthetaconn/pipeline/results/005/005.02.rest.me.errts.targ.seed.fisher.clust.ldlpfc.orig.1d,005,02,rest,me,seed,ldlpfc,orig,43.0,-21.0,35.0
005.03.rest.me.errts.targ.seed.fisher.clust.ldlpfc.dilate_5.1d,/cbica/projects/nbthetaconn/pipeline/results/005/005.03.rest.me.errts.targ.seed.fisher.clust.ldlpfc.dilate_5.1d,005,03,rest,me,seed,ldlpfc,dilate_5,43.0,-49.0,25.0
005.03.rest.me.errts.targ.network.fisher.clust.ldlpfc.dilate_5.1d,/cbica/projects/nbthetaconn/pipeline/results/005/005.03.rest.me.errts.targ.network.fisher.clust.ldlpfc.dilate_5.1d,005,03,rest,me,network,ldlpfc,dilate_5,29.0,-55.0,29.0
005.04.rest.me.errts.targ.seed.fisher.clust.ldlpfc.dilate_5.1d,/cbica/projects/nbthetaconn/pipeline/results/005/005.04.rest.me.errts.targ.seed.fisher.clust.ldlpfc.dilate_5.1d,005,04,rest,me,seed,ldlpfc,dilate_5,43.0,-43.0,33.0
005.03.rest.me.errts.targ.network.fisher.clust.ldlpfc.orig.1d,/cbica/projects/nbthetaconn/pipeline/results/005/005.03.rest.me.errts.targ.network.fisher.clust.ldlpfc.orig.1d,005,03,rest,me,network,ldlpfc,orig,39.0,-41.0,35.0
005.02.rest.me.errts.targ.seed.fisher.clust.ldlpfc.erode_1.1d,/cbica/projects/nbthetaconn/pipeline/results/005/005.02.rest.me.errts.targ.seed.fisher.clust.ldlpfc.erode_1.1d,005,02,rest,me,seed,ldlpfc,erode_1,43.0,-21.0,35.0
005.01.rest.me.errts.targ.network.fisher.clust.ldlpfc.orig.1d,/cbica/projects/nbthetaconn/pipeline/results/005/005.01.rest.me.errts.targ.network.fisher.clust.ldlpfc.orig.1d,005,01,rest,me,network,ldlpfc,orig,49.0,-17.0,35.0
005.02.rest.me.errts.targ.network.fisher.clust.ldlpfc.orig.1d,/cbica/projects/nbthetaconn/pipeline/results/005/005.02.rest.me.errts.targ.network.fisher.clust.ldlpfc.orig.1d,005,02,rest,me,network,ldlpfc,orig,41.0,-17.0,35.0
005.04.rest.me.errts.targ.network.fisher.clust.ldlpfc.dilate_5.1d,/cbica/projects/nbthetaconn/pipeline/results/005/005.04.rest.me.errts.targ.network.fisher.clust.ldlpfc.dilate_5.1d,005,04,rest,me,network,ldlpfc,dilate_5,25.0,-37.0,47.0
005.01.rest.me.errts.targ.seed.fisher.clust.ldlpfc.erode_1.1d,/cbica/projects/nbthetaconn/pipeline/results/005/005.01.rest.me.errts.targ.seed.fisher.clust.ldlpfc.erode_1.1d,005,01,rest,me,seed,ldlpfc,erode_1,45.0,-31.0,31.0
005.03.rest.me.errts.targ.network.fisher.clust.ldlpfc.erode_1.1d,/cbica/projects/nbthetaconn/pipeline/results/005/005.03.rest.me.errts.targ.network.fisher.clust.ldlpfc.erode_1.1d,005,03,rest,me,network,ldlpfc,erode_1,43.0,-25.0,31.0
005.03.rest.me.errts.targ.seed.fisher.clust.ldlpfc.orig.1d,/cbica/projects/nbthetaconn/pipeline/results/005/005.03.rest.me.errts.targ.seed.fisher.clust.ldlpfc.orig.1d,005,03,rest,me,seed,ldlpfc,orig,33.0,-41.0,37.0
005.01.rest.me.errts.targ.network.fisher.clust.ldlpfc.dilate_5.1d,/cbica/projects/nbthetaconn/pipeline/results/005/005.01.rest.me.errts.targ.network.fisher.clust.ldlpfc.dilate_5.1d,005,01,rest,me,network,ldlpfc,dilate_5,27.0,-37.0,47.0
005.04.rest.me.errts.targ.network.fisher.clust.ldlpfc.erode_1.1d,/cbica/projects/nbthetaconn/pipeline/results/005/005.04.rest.me.errts.targ.network.fisher.clust.ldlpfc.erode_1.1d,005,04,rest,me,network,ldlpfc,erode_1,41.0,-37.0,31.0
005.01.rest.me.errts.targ.seed.fisher.clust.ldlpfc.orig.1d,/cbica/projects/nbthetaconn/pipeline/results/005/005.01.rest.me.errts.targ.seed.fisher.clust.ldlpfc.orig.1d,005,01,rest,me,seed,ldlpfc,orig,39.0,-41.0,35.0
005.01.rest.me.errts.targ.seed.fisher.clust.ldlpfc.dilate_5.1d,/cbica/projects/nbthetaconn/pipeline/results/005/005.01.rest.me.errts.targ.seed.fisher.clust.ldlpfc.dilate_5.1d,005,01,rest,me,seed,ldlpfc,dilate_5,19.0,-43.0,39.0
005.03.rest.me.errts.targ.seed.fisher.clust.ldlpfc.erode_1.1d,/cbica/projects/nbthetaconn/pipeline/results/005/005.03.rest.me.errts.targ.seed.fisher.clust.ldlpfc.erode_1.1d,005,03,rest,me,seed,ldlpfc,erode_1,47.0,-21.0,33.0
005.02.rest.me.errts.targ.network.fisher.clust.ldlpfc.erode_1.1d,/cbica/projects/nbthetaconn/pipeline/results/005/005.02.rest.me.errts.targ.network.fisher.clust.ldlpfc.erode_1.1d,005,02,rest,me,network,ldlpfc,erode_1,39.0,-37.0,31.0
005.02.rest.me.errts.targ.seed.fisher.clust.ldlpfc.dilate_5.1d,/cbica/projects/nbthetaconn/pipeline/results/005/005.02.rest.me.errts.targ.seed.fisher.clust.ldlpfc.dilate_5.1d,005,02,rest,me,seed,ldlpfc,dilate_5,23.0,-43.0,45.0
001.02.rest.me.errts.targ.seed.fisher.clust.ldlpfc.erode_1.1d,/cbica/projects/nbthetaconn/pipeline/results/001/001.02.rest.me.errts.targ.seed.fisher.clust.ldlpfc.erode_1.1d,001,02,rest,me,seed,ldlpfc,erode_1,37.0,-35.0,33.0
001.03.rest.me.errts.targ.network.fisher.clust.ldlpfc.orig.1d,/cbica/projects/nbthetaconn/pipeline/results/001/001.03.rest.me.errts.targ.network.fisher.clust.ldlpfc.orig.1d,001,03,rest,me,network,ldlpfc,orig,43.0,-21.0,25.0
001.02.rest.me.errts.targ.network.fisher.clust.ldlpfc.orig.1d,/cbica/projects/nbthetaconn/pipeline/results/001/001.02.rest.me.errts.targ.network.fisher.clust.ldlpfc.orig.1d,001,02,rest,me,network,ldlpfc,orig,51.0,-17.0,31.0
001.01.rest.me.errts.targ.seed.fisher.clust.ldlpfc.dilate_5.1d,/cbica/projects/nbthetaconn/pipeline/results/001/001.01.rest.me.errts.targ.seed.fisher.clust.ldlpfc.dilate_5.1d,001,01,rest,me,seed,ldlpfc,dilate_5,49.0,-13.0,31.0
001.04.rest.me.errts.targ.seed.fisher.clust.ldlpfc.orig.1d,/cbica/projects/nbthetaconn/pipeline/results/001/001.04.rest.me.errts.targ.seed.fisher.clust.ldlpfc.orig.1d,001,04,rest,me,seed,ldlpfc,orig,39.0,-23.0,23.0
001.04.rest.me.errts.targ.network.fisher.clust.ldlpfc.orig.1d,/cbica/projects/nbthetaconn/pipeline/results/001/001.04.rest.me.errts.targ.network.fisher.clust.ldlpfc.orig.1d,001,04,rest,me,network,ldlpfc,orig,45.0,-29.0,39.0
001.04.rest.me.errts.targ.seed.fisher.clust.ldlpfc.dilate_5.1d,/cbica/projects/nbthetaconn/pipeline/results/001/001.04.rest.me.errts.targ.seed.fisher.clust.ldlpfc.dilate_5.1d,001,04,rest,me,seed,ldlpfc,dilate_5,27.0,-27.0,49.0
001.03.rest.me.errts.targ.seed.fisher.clust.ldlpfc.dilate_5.1d,/cbica/projects/nbthetaconn/pipeline/results/001/001.03.rest.me.errts.targ.seed.fisher.clust.ldlpfc.dilate_5.1d,001,03,rest,me,seed,ldlpfc,dilate_5,29.0,-23.0,43.0
001.04.rest.me.errts.targ.seed.fisher.clust.ldlpfc.erode_1.1d,/cbica/projects/nbthetaconn/pipeline/results/001/001.04.rest.me.errts.targ.seed.fisher.clust.ldlpfc.erode_1.1d,001,04,rest,me,seed,ldlpfc,erode_1,47.0,-23.0,37.0
001.03.rest.me.errts.targ.network.fisher.clust.ldlpfc.dilate_5.1d,/cbica/projects/nbthetaconn/pipeline/results/001/001.03.rest.me.errts.targ.network.fisher.clust.ldlpfc.dilate_5.1d,001,03,rest,me,network,ldlpfc,dilate_5,41.0,-25.0,53.0
001.01.rest.me.errts.targ.seed.fisher.clust.ldlpfc.erode_1.1d,/cbica/projects/nbthetaconn/pipeline/results/001/001.01.rest.me.errts.targ.seed.fisher.clust.ldlpfc.erode_1.1d,001,01,rest,me,seed,ldlpfc,erode_1,43.0,-21.0,29.0
001.01.rest.me.errts.targ.network.fisher.clust.ldlpfc.erode_1.1d,/cbica/projects/nbthetaconn/pipeline/results/001/001.01.rest.me.errts.targ.network.fisher.clust.ldlpfc.erode_1.1d,001,01,rest,me,network,ldlpfc,erode_1,39.0,-23.0,27.0
001.03.rest.me.errts.targ.network.fisher.clust.ldlpfc.erode_1.1d,/cbica/projects/nbthetaconn/pipeline/results/001/001.03.rest.me.errts.targ.network.fisher.clust.ldlpfc.erode_1.1d,001,03,rest,me,network,ldlpfc,erode_1,43.0,-21.0,29.0
001.01.rest.me.errts.targ.network.fisher.clust.ldlpfc.orig.1d,/cbica/projects/nbthetaconn/pipeline/results/001/001.01.rest.me.errts.targ.network.fisher.clust.ldlpfc.orig.1d,001,01,rest,me,network,ldlpfc,orig,43.0,-21.0,25.0
001.03.rest.me.errts.targ.seed.fisher.clust.ldlpfc.orig.1d,/cbica/projects/nbthetaconn/pipeline/results/001/001.03.rest.me.errts.targ.seed.fisher.clust.ldlpfc.orig.1d,001,03,rest,me,seed,ldlpfc,orig,39.0,-25.0,23.0
001.02.rest.me.errts.targ.network.fisher.clust.ldlpfc.erode_1.1d,/cbica/projects/nbthetaconn/pipeline/results/001/001.02.rest.me.errts.targ.network.fisher.clust.ldlpfc.erode_1.1d,001,02,rest,me,network,ldlpfc,erode_1,39.0,-23.0,27.0
001.02.rest.me.errts.targ.network.fisher.clust.ldlpfc.dilate_5.1d,/cbica/projects/nbthetaconn/pipeline/results/001/001.02.rest.me.errts.targ.network.fisher.clust.ldlpfc.dilate_5.1d,001,02,rest,me,network,ldlpfc,dilate_5,41.0,-25.0,53.0
001.02.rest.me.errts.targ.seed.fisher.clust.ldlpfc.orig.1d,/cbica/projects/nbthetaconn/pipeline/results/001/001.02.rest.me.errts.targ.seed.fisher.clust.ldlpfc.orig.1d,001,02,rest,me,seed,ldlpfc,orig,37.0,-41.0,37.0
001.04.rest.me.errts.targ.network.fisher.clust.ldlpfc.erode_1.1d,/cbica/projects/nbthetaconn/pipeline/results/001/001.04.rest.me.errts.targ.network.fisher.clust.ldlpfc.erode_1.1d,001,04,rest,me,network,ldlpfc,erode_1,47.0,-23.0,37.0
001.02.rest.me.errts.targ.seed.fisher.clust.ldlpfc.dilate_5.1d,/cbica/projects/nbthetaconn/pipeline/results/001/001.02.rest.me.errts.targ.seed.fisher.clust.ldlpfc.dilate_5.1d,001,02,rest,me,seed,ldlpfc,dilate_5,37.0,-41.0,37.0
001.01.rest.me.errts.targ.network.fisher.clust.ldlpfc.dilate_5.1d,/cbica/projects/nbthetaconn/pipeline/results/001/001.01.rest.me.errts.targ.network.fisher.clust.ldlpfc.dilate_5.1d,001,01,rest,me,network,ldlpfc,dilate_5,41.0,-25.0,53.0
001.03.rest.me.errts.targ.seed.fisher.clust.ldlpfc.erode_1.1d,/cbica/projects/nbthetaconn/pipeline/results/001/001.03.rest.me.errts.targ.seed.fisher.clust.ldlpfc.erode_1.1d,001,03,rest,me,seed,ldlpfc,erode_1,35.0,-31.0,29.0
001.01.rest.me.errts.targ.seed.fisher.clust.ldlpfc.orig.1d,/cbica/projects/nbthetaconn/pipeline/results/001/001.01.rest.me.errts.targ.seed.fisher.clust.ldlpfc.orig.1d,001,01,rest,me,seed,ldlpfc,orig,49.0,-13.0,31.0
001.04.rest.me.errts.targ.network.fisher.clust.ldlpfc.dilate_5.1d,/cbica/projects/nbthetaconn/pipeline/results/001/001.04.rest.me.errts.targ.network.fisher.clust.ldlpfc.dilate_5.1d,001,04,rest,me,network,ldlpfc,dilate_5,45.0,-33.0,41.0
